NO;NAMA MATA KULIAH;SKS;CPMK 1;CPMK 2;CPMK 3;CPMK 4;CPMK 5;CPMK 6;CPMK 7;CPMK 8;CPMK 9;CPMK 10;CPMK 11
1;Bahasa Indonesia;2;Menjelaskan kedudukan, fungsi, dan ragam Bahasa Indonesia;Menguasai kaidah Ejaan Bahasa Indonesia (EBI) dan tata bahasa dasar.;Menganalisis kalimat efektif, paragraf, dan gaya bahasa.;Menyusun tulisan ilmiah sederhana sesuai kaidah penulisan akademik.;;;;;;;
2;Bahasa Inggris;2;Mahasiswa dapat memahami part of  speech dan word order dalam bahasa inggris;Mahasiswa dapat memahami Pronoun dalam bahasa inggris;Mahasiswa dapat menerapkan dan menjelaskan Tenses Simple Present dan Present Continuous;Mahasiswa dapat menerapkan dan Menjelaskan perbedaan Simple Past dan present Perfect;Mahasiswa dapat memahami dan menerapkan Adjective Clause ;Mahasiswa dapat memahami vocabulary bahasa inggris di bidang teknik;Mahasiswa dapat memahami bahasa inggris di bidang teknik dengan reading comprehension;;;;
3;Dasar Algoritma & Pemrograman;2;Memahami dasar-dasar Computational Thinking dan konsep algoritma;Menyusun algoritma menggunakan pseudocode dan flowchart. ;Mengimplementasikan algoritma ke dalam program Java menggunakan struktur kontrol;Menggunakan visual programming dengan Alice untuk memperkuat pemahaman algoritma;Melakukan debugging dan pengujian program berbasis Java.;;;;;;
4;Praktikum Dasar Algoritma & Pemrograman;1;Memahami dasar-dasar Computational Thinking dan konsep algoritma;Menyusun algoritma menggunakan pseudocode dan flowchart. ;Mengimplementasikan algoritma ke dalam program Java menggunakan struktur kontrol;Menggunakan visual programming dengan Alice untuk memperkuat pemahaman algoritma;Melakukan debugging dan pengujian program berbasis Java.;;;;;;
5;Ilmu Sosial Budaya Dasar (ISBD);2;Menjelaskan hakikat manusia sebagai makhluk sosial dan budaya.;Menganalisis kebudayaan, nilai, norma, dan pranata sosial dalam masyarakat;Mengidentifikasi masalah sosial budaya di masyarakat Indonesia.;Menjelaskan dampak perkembangan IPTEK terhadap kehidupan sosial budaya;Menunjukkan sikap toleransi, empati, dan tanggung jawab dalam menghadapi keberagaman.;;;;;;
6;Matematika Dasar;3;Setelah mengikuti mata kuliah ini mahasiswa mempunyai kompetensi matematis yang dapat diterapkan berdasarkan analisis dengan berbagai alternatif solusi pada mata kuliah keteknikarsitekturan atau mata kuliah lain yang membutuhkannya secara mandiri dan bertanggung jawab.;;;;;;;;;;
7;Matematika Informatika;2;Mahasiswa mampu menjelaskan tentang pengertian Himpunan, Diagram Venn, Operasi antar Himpunan, Aljabar Himpunan, Himpunan hingga dan perhitungan anggota, Argumen dan Diagram Venn;Mahasiswa mampu menjelasan tentang pengertian Relasi dan fungsi.;Mahasiswa mampu menjelaskan tentang konsep dan notasi dasar  Proposisi dan Poset;Mahasiswa mampu menjelaskan penjelasan tentang definisi Latice dan pengimplementasian Aljabar;;;;;;;
8;Al Islam Kemuhammadiyaan 1;2;Mahasiswa memahami konsep dasar studi Islam ;Mahasiswa memahami Al-Qur'an dan kemukjizatan Al-Qur'an;Mahasiswa memahami Tafsir Al-Qur'an ;Mahasiswa memahami Hadits sebagai sumber Ajaran Islam;Mahasiswa memahami Ijtihad dalam Islam;Mahasiswa memahami sejarah peradaban Islam;;;;;
9;Pendidikan Pancasila;2;Mahasiswa mampu menjelaskan landasan pendidikan pancasila;Mahasiswa mampu menjelaskan tujuan pendidikan pancasila;Mahasiswa mampu menjelaskan pembahasan pancasila secara ilmiah;Mahasiswa mampu menjelaskan beberapa pengertian pancasila;Mahasiswa mampu menyusun proposal penelitian dan mempresentasikannya ;;;;;;
10;Pengantar Sains dan Informatika (New Media);2;Menjelaskan pengertian sains, metode ilmiah, dan perkembangan ilmu pengetahuan;Menguraikan konsep dasar informatika serta ruang lingkupnya.;Memahami perangkat keras dan perangkat lunak komputer.;Memahami perangkat keras dan perangkat lunak komputer;Mengidentifikasi penerapan informatika dalam kehidupan sehari-hari dan bidang profesional.;;;;;;
11;Al Islam Kemuhammadiyaan 2;2;Mengetahui Islam Nusantara;Mengetahui Pembaruan di Dunia Islam;Memahami Mukaddimah anggaran dasar Muhammadiyah;Memahami Matan Keyakinan dan Cita-cita Hidup (MKCH) Muhammadiyah;Mengetahui Kepribadian Muhammadiyah;Mengetahui Gerakan Muhammadiyah;Mengetahui Peran Kebangsaan Muhammadiyah di Indonesia;Mengetahui Muhammadiyah Abad ke II;;;
12;Algoritma dan Pemrograman Tingkat Lanjut;2;Memahami dasar-dasar algoritma dan pemrograman menggunakan Java. ;Mampu menyusun algoritma sederhana berdasarkan permasalahan yang diberikan. ;Mengimplementasikan algoritma dalam kode Java;Melakukan debugging dan optimasi program Java yang telah dibuat.;;;;;;;
13;Praktikum Algoritma dan Pemrograman Tingkat Lanjut;1;Memahami dasar-dasar algoritma dan pemrograman menggunakan Java. ;Mampu menyusun algoritma sederhana berdasarkan permasalahan yang diberikan. ;Mengimplementasikan algoritma dalam kode Java;Melakukan debugging dan optimasi program Java yang telah dibuat.;;;;;;;
14;Aljabar Linear & Matriks;2;Mahasiswa mampu menjelaskan tentang pengertian Vektor;Mahasiswa mampu menjelasan tentang pengertian Kombinasi Linier, Dimensi dan basis suatu Ruang Vektor.;Mahasiswa mampu  menjelasan tentang pengertian matriks, jenis-jenis matriks, matriks ekivalen, ruang baris/kolom suatu matriks dan rank matriks.;Mahasiswa mampu menjelaskan tentang determinan orde dua dan tiga, serta sifat – sifat determinan minor / kofaktor.;Mahasiswa mampu menjelaskan tentang invers matriks menggunakan matriks adjoin dan transformasi elementer ;Mahasiswa mampu menjelaskan penjelasan tentang Sistem persamaan Linier Homogen dan Non Homogen;Mahasiswa mampu menjelaskan tentang Transformasi vektor linier, Matriks, Ruang peta, ruang nol dan Produk transformasi ;;;;
15;Bahasa Inggris Teknik (Eng for Computer Science);2;Memahami kosa kata teknis dan struktur bahasa Inggris terkait bidang teknik;Membaca dan memahami teks teknis seperti manual, jurnal, dan laporan;Menulis laporan teknis dan komunikasi berbasis email dengan struktur yang baik.  ;Berbicara dan berdiskusi dalam konteks presentasi teknis.  ;;;;;;;
16;Dasar Pemrograman Web;2;Memahami konsep dasar pemrograman web, termasuk struktur HTML dan styling menggunakan CSS.;Menerapkan konsep dasar interaktivitas menggunakan JavaScript.;Merancang halaman web statis dan dinamis dengan HTML, CSS, dan JavaScript;Mengintegrasikan elemen dasar web dalam proyek sederhana.;;;;;;;
17;Praktikum Dasaar Pemrograman Web;1;Memahami konsep dasar pemrograman web, termasuk struktur HTML dan styling menggunakan CSS.;Menerapkan konsep dasar interaktivitas menggunakan JavaScript.;Merancang halaman web statis dan dinamis dengan HTML, CSS, dan JavaScript;Mengintegrasikan elemen dasar web dalam proyek sederhana.;;;;;;;
18;Konsep Teknologi Informasi;2;Memahami dasar-dasar teknologi informasi, termasuk perangkat keras dan perangkat lunak.;Mampu menjelaskan fungsi dan peran teknologi informasi dalam berbagai bidang. ;Menggunakan teknologi informasi untuk mendukung penyelesaian masalah.;Mengidentifikasi dampak sosial, etika, dan keamanan teknologi informasi.;;;;;;;
19;Kalkulus (Matematika Dasar II);2;Memahami konsep turunan dan integral serta aplikasinya.;Memahami konsep matriks dan vektor serta operasinya dalam aljabar linier;Menyelesaikan masalah fungsi multivariabel dan optimasi.  ;Mengaplikasikan metode numerik sederhana untuk menyelesaikan masalah matematika.;;;;;;;
20;Organisasi dan Arsitektur Komputer (OSK);2;Mahasiswa mampu mengingat dan memahami pengantar organisasi dan arsitetur komputer;Mahasiswa Mampu mengingat dan memahami komponen dasar sistem komputer;Mahasiswa mampu menjelaskan tentang pengetahuan sistem operasi dan peranannya;Mahasiswa mampu mengingat dan memahami BUS dan Interkoneksinya;Mahasiswa mampu mengingat dan memahami Pipeline;Mahasiswa mampu mengingat, memahami Pipeline dan Paralelisme; Mahasiswa mampu mengingat dan memahami Pemprosesan Parallelisme;Mahasiswa mampu memahami dan menerapkan instruksi mesin dan bahasa assembly;Mahasiswa mampu mengingat dan memahami Bahasa Assembly;;
21;Pendidikan Kewarganegaraan;2;Memahami konsep dasar kewarganegaraan dan identitas nasional.;Menganalisis Pancasila, UUD 1945, dan sistem demokrasi Indonesia.;Mengevaluasi isu-isu HAM, multikulturalisme, dan dinamika kebangsaan.;Mengaplikasikan nilai-nilai bela negara dan sikap toleransi dalam masyarakat.;;;;;;;
22;Al Islam Kemuhammadiyaan 3;2;Mahasiswa dapat memahami konsep dan aliran akidah dalam islam;Mahasiswa dapat memahami wawasan tentang rukun islam;Mahasiswa dapat memahami aliran akidah dalam islam;Mahasiswa dapat memahami pengertian dan ruang lingkup akhlak;;;;;;;
23;Aritmatika Komputer;2;Mahasiswa mampu menjelaskan pengertian biner, operasi-operasi biner dan sifat-sifat operasi biner.;Mahasiswa mampu menjelaskan pengertian Sistem Aljabar satu operasi, Semi group dan Monoid, Group abel, Subgroup dan Subgroup Normal, dan Group Kuosien;Mahasiswa mampu menjelaskan pengertian Metode Pembuktian, Induksi Matematika , Definisi Rekursi dan Algoritma Rekursi ;Mahasiswa mampu memahami pengertian Prinsip Rumah Merpati, permutasi dan kombinasi, kombinasi pada himpunan dengan pengulangan, Himpunan, Operasi himpunan, dan anggota, perhitungan anggota menggunakan prinsip inklusi-eksklusi;Mahasiswa mampu memahami definisi dari fungsi numerik, membuat pemodelan masalah menggunakan fungsi numerik dan memanipulasi fungsi numerik : penjumlahan, selisih, manipulasi S1 dan S1 , backward difference dan forward difference; Mahasiswa mampu memahami definisi dari relasi rekursi, memberikan sebuah contoh bentuk dari relasi rekursi, menyebutkan jenis-jenis relasi rekursi, dan menjelaskan barisan Fibonacci sebagai salah satu contoh relasi rekursi.;Mahasiswa mampu memahami definisi dari fungsi pembangkit, membuat fungsi pembangkit dari sebuah fungsi numerik, mengetahui hubungan antara fungsi pembangkit dengan fungsi numerik, menyelesaikan relasi rekursif dengan menggunakan fungsi pembangkit.;;;;
24;Jaringan Komputer;2; Menguasai pengetahuan tentang OSI layer, TCP/IP, Topologi, Model Komunikasi, Media Transmisi, Data Rate, Bandwidth, Teknik Pengkodean, Pendeteksian dan koreksi Kesalahan, Frame Header, Medium Access Control;Menguasai pengetahuan tentang disain dan pengalamatan peralatan jaringan, IPv4 dan IPv6, IP subnetting;Menguasai pengetahuan tentang cellular network beserta teknologinya;Menguasai konfigurasi pada switch, router, VLAN, access point, wireless router, instalasi windows server 2008, DHCP server dan DNS server;;;;;;;
25;Praktikum Jaringan Komputer;0; Menguasai pengetahuan tentang OSI layer, TCP/IP, Topologi, Model Komunikasi, Media Transmisi, Data Rate, Bandwidth, Teknik Pengkodean, Pendeteksian dan koreksi Kesalahan, Frame Header, Medium Access Control;Menguasai pengetahuan tentang disain dan pengalamatan peralatan jaringan, IPv4 dan IPv6, IP subnetting;Menguasai pengetahuan tentang cellular network beserta teknologinya;Menguasai konfigurasi pada switch, router, VLAN, access point, wireless router, instalasi windows server 2008, DHCP server dan DNS server;;;;;;;
26;Pemodelan dan Metode Numerik;2;Mahasiswa dapat memahami dan menjelaskan tentang Metode Analitik, Metode Numerik, Dan Metode Chaotic;Mahasiswa dapat memahami dan menjelaskan tentang Persamaan Non Linear, Iterasi, Nilai Error, dan Metode Penyelesaian Numerik;Mahasiswa dapat memahami dan menjelaskan tentang Jenis-jenis Penyelesaian Numerik untuk persamaan Non Linear (Biseksi, Regula falsi, Newton Raphson, dan Secant);"Mahasiswa dapat memahami dan mengimplementasikan Metode Numerik ke dalam Bahasa Pemrograman
";;;;;;;
27;Rekayasa Perangkat Lunak Skalabilitas;2;Mahasiswa mampu memahami Penjelasan dasar mengenai pengertian Rekayasa Perangkat Lunak;Mahasiswa mampu memahami dan mengetahui Rekayasa perangkat lunak; Mahasiswa mampu mengetahui  dan memahami cara kerja manajemen proyek perangkat lunak;Mahasiswa mampu mengetahui  dan memahami cara kerja  model proses perangkat lunak;Mahasiswa mampu mengetahui  dan memahami software development life cycle;Mahasiswa mampu mengetahui  dan memahami Persyaratan perangkat lunak;Mahasiswa mampu mengetahui  dan memahami  desain perangkat lunak;Mahasiswa mampu  memahami dan mengaplikasikan cara kerja perangkat lunak analisis dan tools desain;Mahasiswa mampu  memahami dan mengaplikasikan strategi perancangan perangkat lunak ;Mahasiswa mampu  mengetahui memahami pengujian perangkat lunak ;Mahasiwa mampu mengetahui memahami  pemeliharaan perangkat lunak
28;Sistem Basis Data Relasional;2;Memahami konsep dasar sistem basis data relasional.;Merancang skema basis data menggunakan model relasional.;Mengimplementasikan operasi basis data dengan bahasa SQL.;Mengevaluasi performa dan integritas basis data relasional.;;;;;;;
29;Praktikum Sistem Basis Data Relasional;0;Memahami konsep dasar sistem basis data relasional.;Merancang skema basis data menggunakan model relasional.;Mengimplementasikan operasi basis data dengan bahasa SQL.;Mengevaluasi performa dan integritas basis data relasional.;;;;;;;
30;Sistem Operasi;2;Mahasiswa mampu menjelaskan tentang konsep dasar sistem komputer;Mahasiswa mampu menjelaskan  system operasi dan struktur system komputer;Mahasiswa mampu menjelaskan perkembangan system operasi windows dan system operasi linux;Mahasiswa mampu menjelaskan struktur system operasi open source (linux) dan close source (windows), hirarki dan manajemen file pada system operasi ;;;;;;;
31;Statistika;2;Mahasiswa mampu menjelaskan Data dan Statistika;Mahasiswa mampu menjelaskan metode pengumpulan dan penyajian data;Mahasiswa mampu menjelaskan mengenai ukuran pemusatan dan penyebaran data;Mahasiswa mampu memahami konsep dasar statistika inferensial, dan menggunakan teknik-teknik statistika inferensial seperti uji hipotesis, regresi, korelasi, dan analisis varians;;;;;;;
32;Strategi dan Simulasi Algoritma (Alpro 3);2;Memahami prinsip dasar strategi algoritma seperti divide and conquer, greedy, dynamic programming, dan backtracking. ;Merancang dan mengimplementasikan algoritma berbasis strategi yang sesuai untuk permasalahan tertentu.;Melakukan simulasi algoritma menggunakan bahasa pemrograman;Mengevaluasi performa algoritma berdasarkan kompleksitas waktu dan ruang.  ;;;;;;;
33;Praktikum Strategi dan Simulasi Algoritma;1;Memahami prinsip dasar strategi algoritma seperti divide and conquer, greedy, dynamic programming, dan backtracking. ;Merancang dan mengimplementasikan algoritma berbasis strategi yang sesuai untuk permasalahan tertentu.;Melakukan simulasi algoritma menggunakan bahasa pemrograman;Mengevaluasi performa algoritma berdasarkan kompleksitas waktu dan ruang.  ;;;;;;;
34;Pengantar Komputasi Modern;2;Mahasiswa mampu mengingat dan memahami pengantar komputasi Modern;Mahasiswa Mampu mengingat dan memahami model OS;Mahasiswa mampu menjelaskan tentang pengetahuan flowchart serta menginterprestasikannya;Mahasiswa mampu mengingat dan memahami Teknologi Jaringan;Mahasiswa mampu mengingat dan memahami WAN dan Teknologi Akses Jarak Jauh;Mahasiswa mampu mengingat, memahami dan menerapkan Konsep Dasar TCP / IP;Mahasiswa mampu mengingat dan memahamiIPX, NetBIOS dan Protokol Apple Talk;Mahasiswa mampu memahami dan menerapkan tentang Layanan Jaringan; Mahasiswa mampu mengingat dan memahami Keamanan Jaringan Komputer;;
35;Struktur Data;2;Mahasiswa dapat memahami dan menjelaskan tentang Looping dan Jenis-jenisnya;Mahasiswa dapat memahami dan menjelaskan tentang Tipe data Array;Mahasiswa dapat memahami dan menjelaskan tentang Function, Class dan Object dalam Jav;;;;;;;;
36;Praktikum Struktur Data;1;Mahasiswa dapat memahami dan menjelaskan tentang Looping dan Jenis-jenisnya;Mahasiswa dapat memahami dan menjelaskan tentang Tipe data Array;Mahasiswa dapat memahami dan menjelaskan tentang Function, Class dan Object dalam Jav;;;;;;;;
37;Al Islam Kemuhammadiyaan 4;2;Memahami Ilmu Pendidikan Islam;Memahami Pendidikan dalam perspekti Islam;Memahami Hakikat dan Metode pendidikan islam;Mengetahui peran pendidikan Muhammadiyah;;;;;;;
38;Interaksi Manusia & Komputer;2;Memahami prinsip dasar IMK dan elemen-elemen antarmuka pengguna.;Mampu merancang prototipe antarmuka pengguna berbasis teori IMK. ;Melakukan evaluasi antarmuka menggunakan metode evaluasi IMK. ;Menganalisis hasil evaluasi untuk mengembangkan antarmuka yang lebih baik.;;;;;;;
39;Kecerdasan Buatan;2;Mahasiswa mampu menjelaskan konsep dasar, sejarah, dan ruang lingkup AI.;Mahasiswa mampu merepresentasikan pengetahuan dan logika untuk pemecahan masalah.;Mahasiswa mampu menerapkan algoritma pencarian dalam pemecahan masalah;Mahasiswa mampu menjelaskan dan mengimplementasikan dasar-dasar machine learning.;Mahasiswa mampu merancang aplikasi sederhana berbasis AI.;Mahasiswa mampu menunjukkan sikap etis, kerja sama, dan komunikasi dalam pengembangan sistem AI.;;;;;
40;Praktikum Kecerdasan Buatan;1;Mahasiswa mampu menjelaskan konsep dasar, sejarah, dan ruang lingkup AI.;Mahasiswa mampu merepresentasikan pengetahuan dan logika untuk pemecahan masalah.;Mahasiswa mampu menerapkan algoritma pencarian dalam pemecahan masalah;Mahasiswa mampu menjelaskan dan mengimplementasikan dasar-dasar machine learning.;Mahasiswa mampu merancang aplikasi sederhana berbasis AI.;Mahasiswa mampu menunjukkan sikap etis, kerja sama, dan komunikasi dalam pengembangan sistem AI.;;;;;
41;Kriptografi;2;Mahasiswa mampu menjelaskan konsep dasar, tujuan, dan sejarah kriptografi.;Mahasiswa mampu memahami dan menerapkan algoritma kriptografi klasik;Mahasiswa mampu menjelaskan dan menerapkan algoritma kriptografi simetris;Mahasiswa mampu menjelaskan dan menerapkan algoritma kriptografi asimetris;Mahasiswa mampu menjelaskan dan menerapkan fungsi hash dan tanda tangan digital.;Mahasiswa mampu memahami penerapan kriptografi dalam keamanan sistem dan jaringan.;Mahasiswa mampu menunjukkan etika, kerja sama, dan komunikasi dalam penerapan kriptografi.;;;;
42;Pemrograman WEB;2;Memahami dasar-dasar HTML, CSS, dan JavaScript untuk pengembangan web. ;Mampu menggunakan framework front-end dan back-end dalam pengembangan aplikasi web.; Mengembangkan aplikasi web sederhana berbasis client-server. ;Mengevaluasi dan mengoptimalkan aplikasi web yang telah dibuat.;;;;;;;
43;Praktikum Pemrograman WEB;1;Memahami dasar-dasar HTML, CSS, dan JavaScript untuk pengembangan web. ;Mampu menggunakan framework front-end dan back-end dalam pengembangan aplikasi web.; Mengembangkan aplikasi web sederhana berbasis client-server. ;Mengevaluasi dan mengoptimalkan aplikasi web yang telah dibuat.;;;;;;;
44;Pengolahan Citra Digital;2;Mahasiswa mampu menjelaskan tentang konsep dan teknik dasar pengolahan citra; Mahasiswa mampu menjelasan tentang konsep dasar citra digital. ;Mahasiswa mampu  menjelasan tentang representasi citra;Mahasiswa mampu menjelaskan tentang konvolusi dan transformasi fourier.; Mahasiswa mampu menjelaskan tentang peningkatan mutu citra;Mahasiswa mampu menjelaskan penjelasan tentang dasar-dasar teknik segmentasi;Mahasiswa mampu mengimplementasikan analisa citra menggunakan teknik deteksi sisi;Mahasiswa mampu mengimplementasikan teknik pengkodean citra;Mahasiswa mampu menjelaskan tentang konsep pewarnaan citra. ;;
45;Rekayasa Komputasional;2;Bertaqwa kepada Tuhan Yang Maha Esa dan mampu menunjukkan sikap religius;Menjunjung tinggi nilai kemanusiaan dalam menjalankan tugas berdasarkan agama,moral dan etika moral;Mampu menerapkan pemikiran logis, sistematis, dan inovatif dalam konteks pengembangan atau implementasi ilmu pengetahuan dan tenologi yang memperhatikan dan menerapkan nilai humantora yang sesuai dengan bidang keahliannya;Mampu mengambil keputusan secara tepat dalam konteks penyelesaian masalah di bidang keahliannya, berdasarkan hasil analisis informasi dan data;Mampu mengimplementasikan prinsip keberlanjutan (sustainability) dalam mengembangkan pengetahuan;;;;;;
46;Riset Operasional;2;Mahasiswa mampu menjelaskan tentang Riset Operasional dan Jenis-Jenis Modulnya;Mahasiswa mampu menjelasan tentang Modul Linear Progamming dan metode penyelesaiannya yakni Metode Grafik dan Simpleks;Mahasiswa mampu menjelasan tentang Modul Linear Progamming dan metode penyelesaiannya yakni Metode Penyelesaian Awal meliputi NWCR, Least Cost, dan VAM dan Metode Penyelesaian Akhir yakni Stepping Stone dan MODI;Mahasiswa mampu menjelaskan penjelasan tentang Modul Proyek Manajemen;;;;;;;
47;Sistem Basis Data Modern;2;Memahami konsep dasar basis data modern, termasuk NoSQL dan basis data terdistribusi. ;Memahami teknologi basis data modern seperti In-Memory DB, Pub-Sub, Kafka, dan Elasticsearch.;Mampu merancang dan mengimplementasikan sistem basis data modern untuk kebutuhan aplikas;Mengevaluasi performa dan efisiensi sistem basis data modern untuk pengelolaan informasi.;;;;;;;
48;Sistem Informasi Manajemen;2;Memahami dasar-dasar sistem informasi manajemen dan komponennya.;Mampu menganalisis kebutuhan sistem informasi dalam organisasi.;Menggunakan sistem informasi untuk mendukung pengambilan keputusan. ;Mengevaluasi dampak penerapan sistem informasi pada organisasi.;;;;;;;
49;Sistem Terdistribusi;2;Menjelaskan konsep dasar dan karakteristik sistem terdistribusi;Menganalisis model komunikasi dan sinkronisasi dalam sistem terdistribusi.;Menguraikan algoritma konsistensi, replikasi, dan toleransi kesalahan.;Menjelaskan aspek keamanan pada sistem terdistribusi.;Mengimplementasikan rancangan sederhana sistem terdistribusi dengan studi kasus (misalnya client-server, cloud, atau IoT).;;;;;;
50;Desain dan Analisis Algoritma;2;Mahasiswa dapat memahami dan menjelaskan tentang Desain dan Analisis Algoritma;Mahasiswa dapat memahami dan menjelaskan tentang Kompleksitas Algoritma;Mahasiswa dapat memahami dan menjelaskan tentang Notasi Asimptotik, Teorema Asimptotik, dan Kelas-Kelas Efisiensi Dasar;Mahasiswa dapat memahami dan menjelaskan tentang Stratergi Algoritma Greedy, Brute Froce, Divide And Conquer;;;;;;;
51;Etika Profesi;2;Menjelaskan konsep dasar etika dan profesi;Menguraikan kode etik profesi dan tanggung jawab profesional;Menganalisis isu-isu etika dalam praktik profesi;Mengintegrasikan nilai etika dalam pengambilan keputusan;Menunjukkan sikap profesional dan etis dalam konteks kerja;;;;;;
52;Grafik Komputer;2;Memahami konsep dasar grafika komputer dan transformasi geometrik. ;Mampu merancang algoritma rasterisasi dan pemodelan 3D. ; Mengimplementasikan pustaka grafika seperti OpenGL atau WebGL.;Menganalisis hasil visualisasi data dengan teknik grafika komputer.;;;;;;;
53;Metodologi Penelitian dan Publikasi Ilmiah;2;Menjelaskan konsep dasar penelitian ilmiah;Mampu menyusun rancangan penelitian;Menguasai teknik pengumpulan dan analisis data;Mampu menyusun laporan penelitian;Mampu menulis karya ilmiah untuk publikasi;Memahami proses publikasi ilmiah;;;;;
54;Standarisasi Keselamatan Kerja;2;Menjelaskan konsep dasar K3 dan pentingnya standarisasi keselamatan kerja;Menguraikan standar nasional dan internasional K3;Menganalisis risiko kerja dan kecelakaan kerja;Merancang prosedur dan sistem K3 di tempat kerja;Mengevaluasi penerapan K3 melalui studi kasus;;;;;;
55;Technopreneurship (Kepemimpinan dan kewirausahaan);2;Mahasiswa mampu menjelaskan teori, gaya, dan fungsi kepemimpinan;Mahasiswa mampu menganalisis karakteristik pemimpin efektif di berbagai konteks.;Mahasiswa mampu mengidentifikasi peluang usaha melalui analisis lingkungan.;Mahasiswa mampu menyusun model bisnis sederhana dan rencana usaha.;Mahasiswa mampu menunjukkan sikap kepemimpinan, kerja tim, komunikasi, dan inovasi.;;;;;;
56;Teori Bahasa dan Otomata;2;Memahami dasar teori bahasa formal, tata bahasa, dan automata.;Menjelaskan konsep dan implementasi Finite Automata (DFA dan NFA);Merancang dan mengimplementasikan mesin Turing sederhana.;Menganalisis dan memecahkan masalah komputasi menggunakan teori bahasa dan otomata.;;;;;;;
57;Sistem Pakar;3;Menjelaskan konsep dasar dan komponen sistem pakar;Mahasiswa memahami konsep dasar dan tujuan data mining.;Menerapkan mesin inferensi dan metode penalaran.;Menjelaskan penanganan ketidakpastian dalam sistem pakar.;Merancang dan mengimplementasikan aplikasi sistem pakar sederhana.;;;;;;
58;Applied Machine Learning;2;Mampu menerapkan prinsip ilmu komputer, statistika, dan matematika untuk membangun solusi berbasis data;Mampu merancang dan mengimplementasikan model machine learning sesuai kebutuhan dan data yang tersedia;Mampu mengevaluasi kinerja model dan menerapkan pendekatan interpretabilitas serta etika AI.;Mampu bekerja sama dan berkomunikasi efektif dalam proyek berbasis machine learning.;;;;;;;
59;Praktikum Applied Machine Learning;0; Memahami tahapan dan komponen dasar dalam penerapan machine learning; Menerapkan algoritma supervised learning untuk klasifikasi dan regresi; Menerapkan algoritma unsupervised learning untuk pengelompokan dan reduksi dimensi; Melakukan feature engineering dan model evaluation; Menerapkan deep learning sederhana menggunakan framework populer; Menunjukkan sikap profesional dalam eksperimen dan kolaborasi praktikum;;;;;
60;Data Engineering and Big Data Systems;2; Menjelaskan konsep dasar data engineering, big data, dan arsitektur sistem data modern. ; Merancang pipeline ETL untuk mengintegrasikan berbagai sumber data.; Mengimplementasikan pemrosesan batch dan stream menggunakan Apache Spark dan Kafka.; Mengelola penyimpanan data besar menggunakan HDFS, NoSQL, atau data lake.; Menggunakan workflow orchestration tools seperti Apache Airflow atau Prefect untuk otomatisasi pipeline data; Mengevaluasi performa sistem data berdasarkan throughput, latency, dan scalability; Menunjukkan kemampuan kolaborasi, etika, dan tanggung jawab dalam proyek data engineering;;;;
61;Praktikum Data Engineering and Big Data Systems;0; Memahami konsep dasar data engineering dan sistem big data; Mengimplementasikan proses ekstraksi, transformasi, dan loading (ETL) data; Mengelola penyimpanan data besar menggunakan sistem terdistribusi; Menerapkan sistem pemrosesan data real-time; Merancang dan membangun pipeline data end-to-end; Menunjukkan etika profesional dan kolaborasi tim dalam eksperimen data;;;;;
62;Mathematics for AI;2; Menjelaskan konsep dasar matematika yang relevan untuk AI: aljabar linear, kalkulus, dan probabilitas.; Menggunakan aljabar linear untuk representasi dan manipulasi data (vektor, matriks, transformasi).; Menerapkan kalkulus diferensial dan integral untuk memahami optimisasi model AI.; Menggunakan konsep probabilitas dan statistik dalam inferensi dan pembelajaran mesin.; Mengimplementasikan algoritma matematis dasar AI menggunakan bahasa pemrograman Python.; Mengevaluasi hubungan antara teori matematis dan performa model AI.; Menunjukkan kemampuan berpikir logis, kolaboratif, dan etis dalam analisis masalah berbasis matematika;;;;
63;Cloud-Native Application Development;2; menjelaskan konsep cloud-native dan perbedaannya dengan apliasi tradisional; merancang arsitekstur microservices untuk aplikasi  cloud-native; Mengembangkan aplikasi berbasis container (Docker) dan mengelola orchestration dengan Kubernetes; Mengimplementasikan CI/CD pipeline untuk proses build, test, dan deployment otomatis.; Menerapkan praktik observability (logging, tracing, monitoring) dalam aplikasi cloud-native. ; Mengintegrasikan API gateway, load balancing, dan serverless function ke dalam sistem cloud-native; Menunjukkan kolaborasi, etika profesional, dan prinsip DevOps dalam proyek cloud-native. ;;;;
64;Praktikum Cloud-Native Application Development;0; Memahami konsep dan komponen utama cloud-native application; Mengimplementasikan containerization menggunakan Docker; Menerapkan arsitektur microservices dan komunikasi antar layanan; Mengelola container menggunakan Kubernetes; Mengimplementasikan CI/CD pipeline untuk deployment otomatis; Menunjukkan tanggung jawab dan kolaborasi dalam pengembangan proyek cloud-native;;;;;
65;DevOps and CI/CD Pipelines;2;Mahasiswa mampu menjelaskan filosofi DevOps;menganalisis kebutuhan Continuous Integration (CI) / Continuous Deployment (CD) pipeline;merancang dan mengimplementasikan pipeline otomatis menggunakan salah satu tools modern; serta mengevaluasi performa pipeline melalui monitoring, logging, dan feedback loop.;;;;;;;
66;Praktikum DevOps and CI/CD Pipelines;0;Memahami konsep dan filosofi DevOps serta siklus hidup perangkat lunak modern;Menggunakan sistem version control (Git/GitHub) untuk kolaborasi pengembangan;Membangun pipeline CI/CD sederhana untuk otomatisasi build dan test;Mengimplementasikan containerization dan deployment menggunakan Docker dan Kubernetes;Mengintegrasikan monitoring dan notifikasi dalam pipeline;Menunjukkan kolaborasi, tanggung jawab, dan dokumentasi profesional dalam pelaksanaan DevOps;;;;;
67;Advanced Software Design and Architecture;2;Mahasiswa mampu menjelaskan prinsip arsitektur perangkat lunak;mampu menganalisis kebutuhan sistem;merancang arsitektur dengan design pattern`;mendokumentasikan arsitektur menggunakan standar industri;,serta mengevaluasi kualitas arsitektur dengan tools modern.;;;;;;
68;Advanced Network Security and Protocols;2; Menjelaskan konsep keamanan jaringan tingkat lanjut; Menganalisis keamanan pada berbagai lapisan protokol jaringan; Merancang kebijakan dan sistem keamanan jaringan; Mengimplementasikan keamanan jaringan dalam simulasi nyata; Menunjukkan sikap profesional dan tanggung jawab etis dalam pengelolaan keamanan jaringan;;;;;;
69;Praktikum Advanced Network Security and Protocols;0; Memahami konsep advanced network security dan protokol komunikasi; Melakukan konfigurasi keamanan jaringan (firewall, VPN, IDS/IPS); Melakukan analisis dan monitoring lalu lintas jaringan; Mengimplementasikan protokol enkripsi dan keamanan data; Melakukan simulasi deteksi dan mitigasi serangan jaringan; Menunjukkan sikap profesional, disiplin, dan etis dalam pengujian keamanan jaringan;;;;;
70;Ethical Hacking and Penetration Testing I;2; Menjelaskan konsep dasar ethical hacking, penetration testing, dan peranannya dalam keamanan siber.; Mengidentifikasi tahapan-tahapan utama dalam proses penetration testing; Melakukan analisis kerentanan pada sistem jaringan dan aplikasi menggunakan tools keamanan.; Melakukan simulasi serangan secara terkendali dan mendokumentasikan hasil pengujian dengan benar.; Menyusun laporan hasil penetration testing dan rekomendasi perbaikan sistem.; Menunjukkan perilaku etis dan profesional dalam melaksanakan ethical hacking sesuai hukum dan standar;;;;;
71;Praktikum Ethical Hacking and Penetration Testing I;0; Memahami prinsip dasar ethical hacking dan etika profesional; Mampu melakukan reconnaissance dan information gathering terhadap target sistem; Melakukan vulnerability assessment dengan berbagai scanner; Melakukan eksploitasi terhadap sistem uji (controlled environment); Mengidentifikasi dan menganalisis hasil exploit untuk dokumentasi keamanan; Menunjukkan sikap etis dan tanggung jawab dalam melaksanakan uji keamanan;;;;;
72; Security Governance, Risk, and Compliance (GRC);2; Menjelaskan konsep dasar dan kerangka kerja Security Governance, Risk, and Compliance (GRC).; Mengidentifikasi dan menganalisis risiko keamanan informasi dalam organisasi; Merancang kebijakan dan prosedur keamanan informasi berdasarkan standar ISO; Mengimplementasikan metode penilaian risiko dan strategi mitigasi keamanan informasi.; Mengevaluasi tingkat kepatuhan organisasi terhadap kebijakan dan regulasi keamanan informasi.; Menunjukkan profesionalisme, integritas, dan etika dalam tata kelola keamanan informasi. ;;;;;
73;Algoritma Pemograman Paralel;2;Mahasiswa mampu menjelaskan konsep dasar komputasi paralel dan arsitektur sistem paralel.;Mahasiswa mampu menganalisis kompleksitas algoritma paralel.;Mahasiswa mampu merancang algoritma paralel untuk menyelesaikan permasalahan komputasi.;Mahasiswa mampu mengimplementasikan algoritma paralel pada bahasa pemrograman dan platform tertentu.;Mahasiswa mampu menunjukkan keterampilan kerja tim, komunikasi, dan etika dalam pengembangan perangkat lunak paralel.;;;;;;
74;Aplikasi Komputasi Bergerak;2;Memahami konsep dasar komputasi bergerak dan arsitektur aplikasi mobile.;Mampu merancang antarmuka pengguna untuk aplikasi mobile.;Mengimplementasikan aplikasi mobile menggunakan framework atau tools modern.;Menganalisis performa dan pengamanan aplikasi mobile.;;;;;;;
75;Praktikum Aplikasi Komputasi Bergerak;1;Memahami konsep dasar komputasi bergerak dan arsitektur aplikasi mobile.;Mampu merancang antarmuka pengguna untuk aplikasi mobile.;Mengimplementasikan aplikasi mobile menggunakan framework atau tools modern.;Menganalisis performa dan pengamanan aplikasi mobile.;;;;;;;
76;Teknologi Game;2;Memahami dasar teknologi game dan komponennya;Mampu merancang mekanika permainan dengan pendekatan algoritmik.;Mampu mengimplementasikan game sederhana menggunakan game engine populer;Menganalisis dan mengevaluasi kinerja game.;;;;;;;
77;Legal Aspek Produk Teknologi Informasi dan Komunikasi;2;Mahasiswa mampu menjelaskan Legal Produk TIK;Mahasiswa mampu menjelasan dan mengetahui aspek-aspek terhadap pengembangan /penggunaan produk TIK;Mahasiswa mampu menjelaskan, memahami dan mengetahui secara umum teknologi informasi konsep Legal aspek terhadap pengembangan dan penggunaan produk TIK;Mahasiswa mampu menjelaskan HAKI, Hak Cipta, Hak Paten, Merk dan Desain Industri;;;;;;;
78;Deep Learning and Neural Networks;2; menjelaskan konsep dasar neural networks dan deep learning serta komponennya; Mengimplementasikan jaringan saraf tiruan sederhana menggunakan framework deep learning. ; menganalisis arsitektur CNN, RNN dan Transformer untuk berbagai aplikasi AI; Melakukan pelatihan, validasi, dan evaluasi model deep learning secara sistematis.; Mengoptimalkan performa model dengan teknik regularisasi, tuning hyperparameter, dan transfer learning.; Menunjukkan kemampuan etika, profesionalisme, dan kolaborasi dalam proyek deep learning.;;;;;
79;Praktikum Deep Learning and Neural Networks;1; Memahami konsep dasar neural networks dan arsitektur dasarnya; Membangun model dasar neural network menggunakan framework deep learning; Menerapkan arsitektur CNN untuk pengolahan citra; Menerapkan RNN/LSTM untuk data sekuensial; Menggunakan transfer learning dan fine-tuning model pre-trained; Menunjukkan kemampuan kolaborasi, etika, dan dokumentasi profesional;;;;;
80;Generative AI and Large Language Models;2; Menjelaskan konsep dan arsitektur dasar Generative AI dan LLM; Mengimplementasikan model generatif menggunakan framework; Melakukan pre-training dan fine-tuning model LLM untuk domain spesifik; Mengevaluasi kinerja model generatif berdasarkan metrik; Mengoptimalkan model melalui teknik prompt engineering, transfer learning, dan parameter-efficient fine-tuning; Menerapkan prinsip etika dan keamanan AI dalam pembangunan sistem berbasis LLM;;;;;
81;Praktikum Generative AI and Large Language Models;1; Menjelaskan konsep dan arsitektur dasar Generative AI dan LLM; Mengimplementasikan model generatif menggunakan framework; Melakukan pre-training dan fine-tuning model LLM untuk domain spesifik; Mengevaluasi kinerja model generatif berdasarkan metrik; Mengoptimalkan model melalui teknik prompt engineering, transfer learning, dan parameter-efficient fine-tuning; Menerapkan prinsip etika dan keamanan AI dalam pembangunan sistem berbasis LLM;;;;;
82;MLOps (Machine Learning in Production);2; Menjelaskan konsep dan peran MLOps dalam siklus hidup pengembangan machine learning; Merancang pipeline data dan model untuk proses training, evaluasi, dan deployment.; Mengimplementasikan sistem deployment model menggunakan Docker dan Kubernetes.;4) . Mengelola workflow MLOps menggunakan MLflow atau Kubeflow untuk otomatisasi model training dan monitor; Melakukan monitoring, logging, dan retraining otomatis untuk menjaga performa model produksi.; Menunjukkan profesionalisme dan kolaborasi dalam tim MLOps serta memperhatikan etika dan keamanan data;;;;;
83;Natural Language Processing (NLP);2; Menjelaskan konsep dasar Natural Language Processing dan representasi data teks.; Mengimplementasikan teknik preprocessing teks seperti tokenisasi, stemming, dan stopword removal.; Membangun model NLP berbasis machine learning dan deep learning sederhana.; Menggunakan embedding modern seperti Word2Vec, GloVe, dan Transformer embeddings untuk representasi; Mengevaluasi performa model NLP menggunakan metrik seperti F1-score, BLEU, dan perplexity; Menerapkan teknik fine-tuning model pra-latih (BERT, GPT, T5) untuk aplikasi NLP spesifik; Menunjukkan kemampuan kerja tim, etika profesional, dan tanggung jawab dalam proyek NLP;;;;
84;Praktikum Natural Language Processing (NLP);1; Menjelaskan konsep dasar Natural Language Processing dan representasi data teks.; Mengimplementasikan teknik preprocessing teks seperti tokenisasi, stemming, dan stopword removal.; Membangun model NLP berbasis machine learning dan deep learning sederhana.; Menggunakan embedding modern seperti Word2Vec, GloVe, dan Transformer embeddings untuk representasi; Mengevaluasi performa model NLP menggunakan metrik seperti F1-score, BLEU, dan perplexity; Menerapkan teknik fine-tuning model pra-latih (BERT, GPT, T5) untuk aplikasi NLP spesifik; Menunjukkan kemampuan kerja tim, etika profesional, dan tanggung jawab dalam proyek NLP;;;;
85;Responsible AI: Ethics and Governance;2; Menjelaskan prinsip dan kerangka kerja etika AI (AI Ethics Frameworks).; Menganalisis isu-isu etika seperti bias, fairness, privacy, dan accountability dalam sistem AI.; Mengidentifikasi risiko sosial dan hukum yang muncul dari penggunaan AI di berbagai domain; Merancang kebijakan dan pedoman internal untuk implementasi AI yang etis dan sesuai regulasi.; Mengevaluasi sistem AI berdasarkan prinsip explainability, robustness, dan trustworthiness. ; Menunjukkan kepemimpinan etis dan kolaborasi lintas disiplin dalam pengelolaan proyek AI;;;;;
86;Microservices: Design and Implementation;2; Menjelaskan prinsip dan arsitektur microservices serta perbandingannya dengan monolithic architecture.; Merancang dekomposisi layanan berdasarkan domain dan batas konteks (bounded context).; Mengimplementasikan komunikasi antar layanan menggunakan REST API, gRPC, dan message queue; Menerapkan containerization dan deployment layanan menggunakan Docker dan Kubernetes. ; Mengintegrasikan API Gateway, service registry, dan circuit breaker pattern untuk manajemen layanan; Melakukan monitoring, logging, dan troubleshooting microservices di lingkungan produksi. ; Menunjukkan kemampuan kolaborasi dan profesionalisme dalam proyek microservices.;;;;
87;Praktikum Microservices: Design and Implementation;1; Menjelaskan prinsip dan arsitektur microservices serta perbandingannya dengan monolithic architecture.; Merancang dekomposisi layanan berdasarkan domain dan batas konteks (bounded context).; Mengimplementasikan komunikasi antar layanan menggunakan REST API, gRPC, dan message queue; Menerapkan containerization dan deployment layanan menggunakan Docker dan Kubernetes. ; Mengintegrasikan API Gateway, service registry, dan circuit breaker pattern untuk manajemen layanan; Melakukan monitoring, logging, dan troubleshooting microservices di lingkungan produksi. ; Menunjukkan kemampuan kolaborasi dan profesionalisme dalam proyek microservices.;;;;
88;Secure Software Development Lifecycle (DevSecOps);2; Menjelaskan konsep dasar dan pentingnya DEVSECOPS dalam pengembangan perangkat lunak; Menganalisis risiko keamanan dalam fase requirement, design, implementation, dan deployment. ; Merancang dan menerapkan kontrol keamanan pada tahap perancangan dan pengkodean.; Menggunakan praktik secure coding untuk mencegah kerentanan umum; Melakukan pengujian keamanan perangkat lunak (static/dynamic testing, fuzzing, penetration testing).; Mengimplementasikan model DEVSECOPS dalam proyek nyata.; Menunjukkan profesionalisme, tanggung jawab, dan kolaborasi dalam tim pengembangan perangkat lunak;;;;
89;Advanced Software Testing and Quality Assurance;2; Menjelaskan konsep dan strategi pengujian perangkat lunak tingkat lanjut serta proses QA;Mendesain dan mengimplementasikan berbagai jenis pengujian (unit, integration, system, acceptance); Menggunakan alat bantu otomatisasi pengujian seperti JUnit, Selenium, Postman, dan Jenkins. ; Melakukan pengujian performa, keamanan, dan reliabilitas perangkat lunak.; Mengevaluasi kualitas perangkat lunak menggunakan standar ISO/IEC 25010 dan model TMMi.; Menunjukkan kemampuan kolaborasi, komunikasi, dan etika profesional dalam pelaksanaan QA dan testing;;;;;
90;Scalable Systems Design;2; Menjelaskan prinsip desain sistem berskala besar dan karakteristik scalable architecture.; Menganalisis kebutuhan sistem untuk mendukung scalability, availability, dan reliability.; Mendesain arsitektur sistem yang scalable menggunakan load balancer, caching, dan replication.; Mengimplementasikan dan menguji sistem yang mampu melakukan auto-scaling di lingkungan cloud.; Menerapkan konsep data partitioning, sharding, dan message queues untuk meningkatkan throughput sistem.; Mengevaluasi trade-off antara consistency, availability, dan partition tolerance (CAP Theorem).; Menunjukkan profesionalisme, tanggung jawab, dan kolaborasi dalam proyek scalable system.;;;;
91;Praktikum Scalable Systems Design;1; Menjelaskan prinsip desain sistem berskala besar dan karakteristik scalable architecture.; Menganalisis kebutuhan sistem untuk mendukung scalability, availability, dan reliability.; Mendesain arsitektur sistem yang scalable menggunakan load balancer, caching, dan replication.; Mengimplementasikan dan menguji sistem yang mampu melakukan auto-scaling di lingkungan cloud.; Menerapkan konsep data partitioning, sharding, dan message queues untuk meningkatkan throughput sistem.; Mengevaluasi trade-off antara consistency, availability, dan partition tolerance (CAP Theorem).; Menunjukkan profesionalisme, tanggung jawab, dan kolaborasi dalam proyek scalable system.;;;;
92;Mobile and Cross-Platform Development;2; Menjelaskan konsep pengembangan aplikasi mobile dan framework lintas platform.; Mendesain arsitektur aplikasi mobile dengan fokus pada modularitas, reusability, dan user experience; Mengimplementasikan aplikasi mobile menggunakan framework lintas platform (Flutter, React Native, dll.).; Mengintegrasikan aplikasi dengan REST API, database lokal, dan layanan cloud; Melakukan optimasi performa, pengujian, dan debugging aplikasi mobile.; Menerapkan prinsip desain UI/UX yang baik dan konsisten pada aplikasi lintas platform.; Menunjukkan kerja tim, etika profesional, dan tanggung jawab dalam proyek pengembangan aplikasi mobile.;;;;
93;Praktikum Mobile and Cross-Platform Development;1; Menjelaskan konsep pengembangan aplikasi mobile dan framework lintas platform.; Mendesain arsitektur aplikasi mobile dengan fokus pada modularitas, reusability, dan user experience; Mengimplementasikan aplikasi mobile menggunakan framework lintas platform (Flutter, React Native, dll.).; Mengintegrasikan aplikasi dengan REST API, database lokal, dan layanan cloud; Melakukan optimasi performa, pengujian, dan debugging aplikasi mobile.; Menerapkan prinsip desain UI/UX yang baik dan konsisten pada aplikasi lintas platform.; Menunjukkan kerja tim, etika profesional, dan tanggung jawab dalam proyek pengembangan aplikasi mobile.;;;;
94;Cloud Security Architecture;2; Menjelaskan konsep arsitektur cloud dan prinsip dasar keamanan cloud.; Mengidentifikasi ancaman dan kerentanan (vulnerability) dalam lingkungan cloud.; Merancang arsitektur keamanan cloud yang mencakup data, jaringan, dan aplikasi.; Mengimplementasikan kontrol keamanan seperti IAM dan enkripsi.; Menerapkan kebijakan keamanan, kepatuhan, dan standar cloud (ISO, NIST, CSA).; Melakukan audit dan monitoring keamanan sistem berbasis cloud; Menunjukkan profesionalisme, etika, dan tanggung jawab dalam praktik keamanan cloud. ;;;;
95;Praktikum Cloud Security Architecture;1; Menjelaskan konsep arsitektur cloud dan prinsip dasar keamanan cloud.; Mengidentifikasi ancaman dan kerentanan (vulnerability) dalam lingkungan cloud.; Merancang arsitektur keamanan cloud yang mencakup data, jaringan, dan aplikasi.; Mengimplementasikan kontrol keamanan seperti IAM dan enkripsi.; Menerapkan kebijakan keamanan, kepatuhan, dan standar cloud (ISO, NIST, CSA).; Melakukan audit dan monitoring keamanan sistem berbasis cloud; Menunjukkan profesionalisme, etika, dan tanggung jawab dalam praktik keamanan cloud. ;;;;
96;Digital Forensics and Incident Response;2; Menjelaskan konsep dasar digital forensics dan siklus respons insiden.; Mengidentifikasi sumber bukti digital dari berbagai perangkat dan jaringan; Melakukan akuisisi, preservasi, dan analisis bukti digital sesuai prosedur forensik.; Menggunakan perangkat forensik (Autopsy, FTK Imager, Volatility, Wireshark) dalam investigasi.; Menyusun laporan investigasi digital dengan menjaga rantai bukti (chain of custody).; Menunjukkan sikap profesional, jujur, dan beretika selama proses investigasi forensik.;;;;;
97;Praktikum Digital Forensics and Incident Response;1; Menjelaskan konsep dasar digital forensics dan siklus respons insiden.; Mengidentifikasi sumber bukti digital dari berbagai perangkat dan jaringan; Melakukan akuisisi, preservasi, dan analisis bukti digital sesuai prosedur forensik.; Menggunakan perangkat forensik (Autopsy, FTK Imager, Volatility, Wireshark) dalam investigasi.; Menyusun laporan investigasi digital dengan menjaga rantai bukti (chain of custody).; Menunjukkan sikap profesional, jujur, dan beretika selama proses investigasi forensik.;;;;;
98;Cryptography and Secure Communications;2; Menjelaskan konsep dasar kriptografi dan model ancaman keamanan komunikasi.; Menganalisis jenis-jenis algoritma kriptografi klasik dan modern.; Mengimplementasikan algoritma enkripsi dan dekripsi menggunakan bahasa pemrograman atau tools; Menggunakan protokol komunikasi aman seperti SSL/TLS dan VPN; Mengevaluasi kekuatan algoritma dan kerentanan sistem komunikasi digital.; Menunjukkan etika profesional dan tanggung jawab dalam menjaga keamanan data dan privasi.;;;;;
99;Ethical Hacking and Penetration Testing II;2; Menjelaskan konsep dasar ethical hacking, penetration testing, dan peranannya dalam keamanan siber.; Mengidentifikasi tahapan-tahapan utama dalam proses penetration testing.; Melakukan analisis kerentanan pada sistem jaringan dan aplikasi menggunakan tools keamanan. ; Melakukan simulasi serangan secara terkendali dan mendokumentasikan hasil pengujian dengan benar.; Menyusun laporan hasil penetration testing dan rekomendasi perbaikan sistem.; Menunjukkan perilaku etis dan profesional dalam melaksanakan ethical hacking sesuai hukum dan standar industri;;;;;
100;Praktikum Ethical Hacking and Penetration Testing II;1; Menjelaskan konsep dasar ethical hacking, penetration testing, dan peranannya dalam keamanan siber.; Mengidentifikasi tahapan-tahapan utama dalam proses penetration testing.; Melakukan analisis kerentanan pada sistem jaringan dan aplikasi menggunakan tools keamanan. ; Melakukan simulasi serangan secara terkendali dan mendokumentasikan hasil pengujian dengan benar.; Menyusun laporan hasil penetration testing dan rekomendasi perbaikan sistem.; Menunjukkan perilaku etis dan profesional dalam melaksanakan ethical hacking sesuai hukum dan standar industri;;;;;
101;Cyber Threat Intelligence;2; Menjelaskan konsep dasar dan pentingnya Cyber Threat Intelligence dalam keamanan siber modern.; Mengidentifikasi dan mengelompokkan jenis-jenis ancaman siber (malware, phishing, APT, ransomware).; Melakukan pengumpulan dan analisis data ancaman dari berbagai sumber terbuka (OSINT) dan tertutup; Menggunakan alat dan platform CTI seperti MISP, OpenCTI, dan Threat Connect; Menyusun laporan intelijen ancaman yang sesuai standar (STIX/TAXII, Mitre ATT&CK framework).; Menunjukkan sikap etis, profesional, dan tanggung jawab dalam pengelolaan data sensitif dan hasil analisis.;;;;;
102;Kuliah Kerja Profesi - Plus (KKp-Plus);3;;;;;;;;;;;
103;Capstone Project;3;Mahasiswa mampu merancang proposal proyek akhir (Capstone Project);Mahasiswa mampu melakukan analisis kebutuhan sistem;Mahasiswa mampu merancang arsitektur dan desain sistem.;Mahasiswa mampu mengimplementasikan sistem/prototipe.;Mahasiswa mampu melakukan pengujian dan evaluasi sistem.;Mahasiswa mampu menyusun dokumentasi dan laporan akhir.;Mahasiswa mampu mempresentasikan hasil proyek secara profesional;;;;
104;Seminar dan Usulan skripsi;2;;;;;;;;;;;
105;Skripsi;6;;;;;;;;;;;
;;;;;;;;;;;;;
;;;;;;;;;;;;;
;;;;;;;;;;;;;
;;;;;;;;;;;;;
;;;;;;;;;;;;;
;;;;;;;;;;;;;
;;;;;;;;;;;;;
;;;;;;;;;;;;;
;;;;;;;;;;;;;
;;;;;;;;;;;;;
;;;;;;;;;;;;;
;;;;;;;;;;;;;
;;;;;;;;;;;;;
;;;;;;;;;;;;;
;;;;;;;;;;;;;
;;;;;;;;;;;;;
;;;;;;;;;;;;;
;;;;;;;;;;;;;
;;;;;;;;;;;;;
;;;;;;;;;;;;;
;;;;;;;;;;;;;
;;;;;;;;;;;;;
;;;;;;;;;;;;;
;;;;;;;;;;;;;
;;;;;;;;;;;;;
